Tamaño del hogar;Carencia material;Periodo;Total
Total;No puede permitirse ir de vacaciones al menos una semana al año;2023;33,1
Total;No puede permitirse ir de vacaciones al menos una semana al año;2022;33,5
Total;No puede permitirse ir de vacaciones al menos una semana al año;2021;32,7
Total;No puede permitirse ir de vacaciones al menos una semana al año;2020;34,4
Total;No puede permitirse ir de vacaciones al menos una semana al año;2019;33,4
Total;No puede permitirse ir de vacaciones al menos una semana al año;2018;34,1
Total;No puede permitirse ir de vacaciones al menos una semana al año;2017;34,3
Total;No puede permitirse ir de vacaciones al menos una semana al año;2016;40,3
Total;No puede permitirse ir de vacaciones al menos una semana al año;2015;41,5
Total;No puede permitirse ir de vacaciones al menos una semana al año;2014;46,4
Total;No puede permitirse ir de vacaciones al menos una semana al año;2013;48
Total;No puede permitirse ir de vacaciones al menos una semana al año;2012;46,6
Total;No puede permitirse ir de vacaciones al menos una semana al año;2011;40,9
Total;No puede permitirse ir de vacaciones al menos una semana al año;2010;42,7
Total;No puede permitirse ir de vacaciones al menos una semana al año;2009;42
Total;No puede permitirse ir de vacaciones al menos una semana al año;2008;36,2
Total;No puede permitirse una comida de carne, pollo o pescado al menos cada dos días;2023;6,4
Total;No puede permitirse una comida de carne, pollo o pescado al menos cada dos días;2022;5,4
Total;No puede permitirse una comida de carne, pollo o pescado al menos cada dos días;2021;4,7
Total;No puede permitirse una comida de carne, pollo o pescado al menos cada dos días;2020;5,4
Total;No puede permitirse una comida de carne, pollo o pescado al menos cada dos días;2019;3,8
Total;No puede permitirse una comida de carne, pollo o pescado al menos cada dos días;2018;3,6
Total;No puede permitirse una comida de carne, pollo o pescado al menos cada dos días;2017;3,7
Total;No puede permitirse una comida de carne, pollo o pescado al menos cada dos días;2016;2,9
Total;No puede permitirse una comida de carne, pollo o pescado al menos cada dos días;2015;2,6
Total;No puede permitirse una comida de carne, pollo o pescado al menos cada dos días;2014;3,3
Total;No puede permitirse una comida de carne, pollo o pescado al menos cada dos días;2013;3,5
Total;No puede permitirse una comida de carne, pollo o pescado al menos cada dos días;2012;2,6
Total;No puede permitirse una comida de carne, pollo o pescado al menos cada dos días;2011;3,2
Total;No puede permitirse una comida de carne, pollo o pescado al menos cada dos días;2010;2,6
Total;No puede permitirse una comida de carne, pollo o pescado al menos cada dos días;2009;2,1
Total;No puede permitirse una comida de carne, pollo o pescado al menos cada dos días;2008;2,2
Total;No puede permitirse mantener la vivienda con una temperatura adecuada;2023;20,7
Total;No puede permitirse mantener la vivienda con una temperatura adecuada;2022;17,1
Total;No puede permitirse mantener la vivienda con una temperatura adecuada;2021;14,3
Total;No puede permitirse mantener la vivienda con una temperatura adecuada;2020;10,9
Total;No puede permitirse mantener la vivienda con una temperatura adecuada;2019;7,6
Total;No puede permitirse mantener la vivienda con una temperatura adecuada;2018;9,1
Total;No puede permitirse mantener la vivienda con una temperatura adecuada;2017;8
Total;No puede permitirse mantener la vivienda con una temperatura adecuada;2016;10,1
Total;No puede permitirse mantener la vivienda con una temperatura adecuada;2015;10,6
Total;No puede permitirse mantener la vivienda con una temperatura adecuada;2014;11,1
Total;No puede permitirse mantener la vivienda con una temperatura adecuada;2013;8
Total;No puede permitirse mantener la vivienda con una temperatura adecuada;2012;9,1
Total;No puede permitirse mantener la vivienda con una temperatura adecuada;2011;6,5
Total;No puede permitirse mantener la vivienda con una temperatura adecuada;2010;7,5
Total;No puede permitirse mantener la vivienda con una temperatura adecuada;2009;7,2
Total;No puede permitirse mantener la vivienda con una temperatura adecuada;2008;5,9
Total;No tiene capacidad para afrontar gastos imprevistos;2023;37,1
Total;No tiene capacidad para afrontar gastos imprevistos;2022;35,5
Total;No tiene capacidad para afrontar gastos imprevistos;2021;33,4
Total;No tiene capacidad para afrontar gastos imprevistos;2020;35,4
Total;No tiene capacidad para afrontar gastos imprevistos;2019;33,9
Total;No tiene capacidad para afrontar gastos imprevistos;2018;35,9
Total;No tiene capacidad para afrontar gastos imprevistos;2017;36,6
Total;No tiene capacidad para afrontar gastos imprevistos;2016;38,7
Total;No tiene capacidad para afrontar gastos imprevistos;2015;39,8
Total;No tiene capacidad para afrontar gastos imprevistos;2014;42,6
Total;No tiene capacidad para afrontar gastos imprevistos;2013;42,1
Total;No tiene capacidad para afrontar gastos imprevistos;2012;42,1
Total;No tiene capacidad para afrontar gastos imprevistos;2011;37,6
Total;No tiene capacidad para afrontar gastos imprevistos;2010;38,7
Total;No tiene capacidad para afrontar gastos imprevistos;2009;36,5
Total;No tiene capacidad para afrontar gastos imprevistos;2008;29,9
Total;Ha tenido retrasos en el pago de gastos relacionados con la vivienda principal (hipoteca o alquiler, recibos de gas, comunidad...) en los últimos 12 meses;2023;11,7
Total;Ha tenido retrasos en el pago de gastos relacionados con la vivienda principal (hipoteca o alquiler, recibos de gas, comunidad...) en los últimos 12 meses;2022;11,6
Total;Ha tenido retrasos en el pago de gastos relacionados con la vivienda principal (hipoteca o alquiler, recibos de gas, comunidad...) en los últimos 12 meses;2021;12,6
Total;Ha tenido retrasos en el pago de gastos relacionados con la vivienda principal (hipoteca o alquiler, recibos de gas, comunidad...) en los últimos 12 meses;2020;12,2
Total;Ha tenido retrasos en el pago de gastos relacionados con la vivienda principal (hipoteca o alquiler, recibos de gas, comunidad...) en los últimos 12 meses;2019;7,8
Total;Ha tenido retrasos en el pago de gastos relacionados con la vivienda principal (hipoteca o alquiler, recibos de gas, comunidad...) en los últimos 12 meses;2018;8,8
Total;Ha tenido retrasos en el pago de gastos relacionados con la vivienda principal (hipoteca o alquiler, recibos de gas, comunidad...) en los últimos 12 meses;2017;8,8
Total;Ha tenido retrasos en el pago de gastos relacionados con la vivienda principal (hipoteca o alquiler, recibos de gas, comunidad...) en los últimos 12 meses;2016;9,8
Total;Ha tenido retrasos en el pago de gastos relacionados con la vivienda principal (hipoteca o alquiler, recibos de gas, comunidad...) en los últimos 12 meses;2015;11
Total;Ha tenido retrasos en el pago de gastos relacionados con la vivienda principal (hipoteca o alquiler, recibos de gas, comunidad...) en los últimos 12 meses;2014;11,7
Total;Ha tenido retrasos en el pago de gastos relacionados con la vivienda principal (hipoteca o alquiler, recibos de gas, comunidad...) en los últimos 12 meses;2013;11
Total;Ha tenido retrasos en el pago de gastos relacionados con la vivienda principal (hipoteca o alquiler, recibos de gas, comunidad...) en los últimos 12 meses;2012;9,9
Total;Ha tenido retrasos en el pago de gastos relacionados con la vivienda principal (hipoteca o alquiler, recibos de gas, comunidad...) en los últimos 12 meses;2011;7,9
Total;Ha tenido retrasos en el pago de gastos relacionados con la vivienda principal (hipoteca o alquiler, recibos de gas, comunidad...) en los últimos 12 meses;2010;10,4
Total;Ha tenido retrasos en el pago de gastos relacionados con la vivienda principal (hipoteca o alquiler, recibos de gas, comunidad...) en los últimos 12 meses;2009;9,6
Total;Ha tenido retrasos en el pago de gastos relacionados con la vivienda principal (hipoteca o alquiler, recibos de gas, comunidad...) en los últimos 12 meses;2008;7,1
Total;Ha tenido retrasos en el pago de gastos relacionados con la vivienda principal (hipoteca o alquiler, recibos de gas, comunidad...) o en compras a plazos en los últimos 12 meses;2023;13,6
Total;Ha tenido retrasos en el pago de gastos relacionados con la vivienda principal (hipoteca o alquiler, recibos de gas, comunidad...) o en compras a plazos en los últimos 12 meses;2022;13,2
Total;Ha tenido retrasos en el pago de gastos relacionados con la vivienda principal (hipoteca o alquiler, recibos de gas, comunidad...) o en compras a plazos en los últimos 12 meses;2021;14,4
Total;Ha tenido retrasos en el pago de gastos relacionados con la vivienda principal (hipoteca o alquiler, recibos de gas, comunidad...) o en compras a plazos en los últimos 12 meses;2020;13,5
Total;Ha tenido retrasos en el pago de gastos relacionados con la vivienda principal (hipoteca o alquiler, recibos de gas, comunidad...) o en compras a plazos en los últimos 12 meses;2019;8,3
Total;Ha tenido retrasos en el pago de gastos relacionados con la vivienda principal (hipoteca o alquiler, recibos de gas, comunidad...) o en compras a plazos en los últimos 12 meses;2018;9,4
Total;Ha tenido retrasos en el pago de gastos relacionados con la vivienda principal (hipoteca o alquiler, recibos de gas, comunidad...) o en compras a plazos en los últimos 12 meses;2017;9,3
Total;Ha tenido retrasos en el pago de gastos relacionados con la vivienda principal (hipoteca o alquiler, recibos de gas, comunidad...) o en compras a plazos en los últimos 12 meses;2016;10,6
Total;Ha tenido retrasos en el pago de gastos relacionados con la vivienda principal (hipoteca o alquiler, recibos de gas, comunidad...) o en compras a plazos en los últimos 12 meses;2015;11,7
Total;Ha tenido retrasos en el pago de gastos relacionados con la vivienda principal (hipoteca o alquiler, recibos de gas, comunidad...) o en compras a plazos en los últimos 12 meses;2014;12,5
Total;Ha tenido retrasos en el pago de gastos relacionados con la vivienda principal (hipoteca o alquiler, recibos de gas, comunidad...) o en compras a plazos en los últimos 12 meses;2013;11,9
Total;Ha tenido retrasos en el pago de gastos relacionados con la vivienda principal (hipoteca o alquiler, recibos de gas, comunidad...) o en compras a plazos en los últimos 12 meses;2012;10,9
Total;Ha tenido retrasos en el pago de gastos relacionados con la vivienda principal (hipoteca o alquiler, recibos de gas, comunidad...) o en compras a plazos en los últimos 12 meses;2011;8,7
Total;Ha tenido retrasos en el pago de gastos relacionados con la vivienda principal (hipoteca o alquiler, recibos de gas, comunidad...) o en compras a plazos en los últimos 12 meses;2010;11,7
Total;Ha tenido retrasos en el pago de gastos relacionados con la vivienda principal (hipoteca o alquiler, recibos de gas, comunidad...) o en compras a plazos en los últimos 12 meses;2009;11
Total;Ha tenido retrasos en el pago de gastos relacionados con la vivienda principal (hipoteca o alquiler, recibos de gas, comunidad...) o en compras a plazos en los últimos 12 meses;2008;8,2
Total;No puede permitirse disponer de un automóvil;2023;5,2
Total;No puede permitirse disponer de un automóvil;2022;5
Total;No puede permitirse disponer de un automóvil;2021;4,9
Total;No puede permitirse disponer de un automóvil;2020;4,9
Total;No puede permitirse disponer de un automóvil;2019;4,7
Total;No puede permitirse disponer de un automóvil;2018;5,1
Total;No puede permitirse disponer de un automóvil;2017;4,7
Total;No puede permitirse disponer de un automóvil;2016;6
Total;No puede permitirse disponer de un automóvil;2015;5,8
Total;No puede permitirse disponer de un automóvil;2014;6
Total;No puede permitirse disponer de un automóvil;2013;6,2
Total;No puede permitirse disponer de un automóvil;2012;5,7
Total;No puede permitirse disponer de un automóvil;2011;5,6
Total;No puede permitirse disponer de un automóvil;2010;5,9
Total;No puede permitirse disponer de un automóvil;2009;5,7
Total;No puede permitirse disponer de un automóvil;2008;5,9
Total;No puede permitirse disponer de un ordenador personal;2023;6,1
Total;No puede permitirse disponer de un ordenador personal;2022;5,8
Total;No puede permitirse disponer de un ordenador personal;2021;6,5
Total;No puede permitirse disponer de un ordenador personal;2020;6,5
Total;No puede permitirse disponer de un ordenador personal;2019;5,6
Total;No puede permitirse disponer de un ordenador personal;2018;5,5
Total;No puede permitirse disponer de un ordenador personal;2017;5,1
Total;No puede permitirse disponer de un ordenador personal;2016;7,2
Total;No puede permitirse disponer de un ordenador personal;2015;7,1
Total;No puede permitirse disponer de un ordenador personal;2014;7,2
Total;No puede permitirse disponer de un ordenador personal;2013;6,7
Total;No puede permitirse disponer de un ordenador personal;2012;6,6
Total;No puede permitirse disponer de un ordenador personal;2011;5,6
Total;No puede permitirse disponer de un ordenador personal;2010;7,6
Total;No puede permitirse disponer de un ordenador personal;2009;8,1
Total;No puede permitirse disponer de un ordenador personal;2008;8,9
Total;No puede sustituir los muebles estropeados o viejos;2023;29,9
Total;No puede sustituir los muebles estropeados o viejos;2022;27,4
Total;No puede sustituir los muebles estropeados o viejos;2021;27,5
Total;No puede sustituir los muebles estropeados o viejos;2020;30,6
Total;No puede sustituir los muebles estropeados o viejos;2019;31
Total;No puede sustituir los muebles estropeados o viejos;2018;32,3
Total;No puede sustituir los muebles estropeados o viejos;2017;33,9
Total;No puede sustituir los muebles estropeados o viejos;2016;39,3
Total;No puede sustituir los muebles estropeados o viejos;2015;38,8
Total;No puede sustituir los muebles estropeados o viejos;2014;42,5
Total;No puede sustituir los muebles estropeados o viejos;2013;44,9
Total;No puede sustituir los muebles estropeados o viejos;2012;0
Total;No puede sustituir los muebles estropeados o viejos;2011;0
Total;No puede sustituir los muebles estropeados o viejos;2010;0
Total;No puede sustituir los muebles estropeados o viejos;2009;38,2
Total;No puede sustituir los muebles estropeados o viejos;2008;0
1 miembro;No puede permitirse ir de vacaciones al menos una semana al año;2023;34
1 miembro;No puede permitirse ir de vacaciones al menos una semana al año;2022;37,1
1 miembro;No puede permitirse ir de vacaciones al menos una semana al año;2021;37,7
1 miembro;No puede permitirse ir de vacaciones al menos una semana al año;2020;34,9
1 miembro;No puede permitirse ir de vacaciones al menos una semana al año;2019;37
1 miembro;No puede permitirse ir de vacaciones al menos una semana al año;2018;38,3
1 miembro;No puede permitirse ir de vacaciones al menos una semana al año;2017;37,4
1 miembro;No puede permitirse ir de vacaciones al menos una semana al año;2016;41,2
1 miembro;No puede permitirse ir de vacaciones al menos una semana al año;2015;41,4
1 miembro;No puede permitirse ir de vacaciones al menos una semana al año;2014;44,2
1 miembro;No puede permitirse ir de vacaciones al menos una semana al año;2013;44
1 miembro;No puede permitirse ir de vacaciones al menos una semana al año;2012;44,1
1 miembro;No puede permitirse ir de vacaciones al menos una semana al año;2011;41,6
1 miembro;No puede permitirse ir de vacaciones al menos una semana al año;2010;40,4
1 miembro;No puede permitirse ir de vacaciones al menos una semana al año;2009;41,9
1 miembro;No puede permitirse ir de vacaciones al menos una semana al año;2008;34,1
1 miembro;No puede permitirse una comida de carne, pollo o pescado al menos cada dos días;2023;8,9
1 miembro;No puede permitirse una comida de carne, pollo o pescado al menos cada dos días;2022;6,7
1 miembro;No puede permitirse una comida de carne, pollo o pescado al menos cada dos días;2021;7,3
1 miembro;No puede permitirse una comida de carne, pollo o pescado al menos cada dos días;2020;7
1 miembro;No puede permitirse una comida de carne, pollo o pescado al menos cada dos días;2019;4,2
1 miembro;No puede permitirse una comida de carne, pollo o pescado al menos cada dos días;2018;4,9
1 miembro;No puede permitirse una comida de carne, pollo o pescado al menos cada dos días;2017;5,2
1 miembro;No puede permitirse una comida de carne, pollo o pescado al menos cada dos días;2016;4,2
1 miembro;No puede permitirse una comida de carne, pollo o pescado al menos cada dos días;2015;3,8
1 miembro;No puede permitirse una comida de carne, pollo o pescado al menos cada dos días;2014;4,6
1 miembro;No puede permitirse una comida de carne, pollo o pescado al menos cada dos días;2013;3,6
1 miembro;No puede permitirse una comida de carne, pollo o pescado al menos cada dos días;2012;3,8
1 miembro;No puede permitirse una comida de carne, pollo o pescado al menos cada dos días;2011;4
1 miembro;No puede permitirse una comida de carne, pollo o pescado al menos cada dos días;2010;3,7
1 miembro;No puede permitirse una comida de carne, pollo o pescado al menos cada dos días;2009;2,7
1 miembro;No puede permitirse una comida de carne, pollo o pescado al menos cada dos días;2008;3
1 miembro;No puede permitirse mantener la vivienda con una temperatura adecuada;2023;23,4
1 miembro;No puede permitirse mantener la vivienda con una temperatura adecuada;2022;20,8
1 miembro;No puede permitirse mantener la vivienda con una temperatura adecuada;2021;19,5
1 miembro;No puede permitirse mantener la vivienda con una temperatura adecuada;2020;13,8
1 miembro;No puede permitirse mantener la vivienda con una temperatura adecuada;2019;10,1
1 miembro;No puede permitirse mantener la vivienda con una temperatura adecuada;2018;12,4
1 miembro;No puede permitirse mantener la vivienda con una temperatura adecuada;2017;10,1
1 miembro;No puede permitirse mantener la vivienda con una temperatura adecuada;2016;12,6
1 miembro;No puede permitirse mantener la vivienda con una temperatura adecuada;2015;13,2
1 miembro;No puede permitirse mantener la vivienda con una temperatura adecuada;2014;13,2
1 miembro;No puede permitirse mantener la vivienda con una temperatura adecuada;2013;9,4
1 miembro;No puede permitirse mantener la vivienda con una temperatura adecuada;2012;10,3
1 miembro;No puede permitirse mantener la vivienda con una temperatura adecuada;2011;7,1
1 miembro;No puede permitirse mantener la vivienda con una temperatura adecuada;2010;9,1
1 miembro;No puede permitirse mantener la vivienda con una temperatura adecuada;2009;9,5
1 miembro;No puede permitirse mantener la vivienda con una temperatura adecuada;2008;8,8
1 miembro;No tiene capacidad para afrontar gastos imprevistos;2023;39,7
1 miembro;No tiene capacidad para afrontar gastos imprevistos;2022;39,3
1 miembro;No tiene capacidad para afrontar gastos imprevistos;2021;38,8
1 miembro;No tiene capacidad para afrontar gastos imprevistos;2020;41,1
1 miembro;No tiene capacidad para afrontar gastos imprevistos;2019;38,8
1 miembro;No tiene capacidad para afrontar gastos imprevistos;2018;39,8
1 miembro;No tiene capacidad para afrontar gastos imprevistos;2017;42,5
1 miembro;No tiene capacidad para afrontar gastos imprevistos;2016;40,4
1 miembro;No tiene capacidad para afrontar gastos imprevistos;2015;43
1 miembro;No tiene capacidad para afrontar gastos imprevistos;2014;47
1 miembro;No tiene capacidad para afrontar gastos imprevistos;2013;42
1 miembro;No tiene capacidad para afrontar gastos imprevistos;2012;43,8
1 miembro;No tiene capacidad para afrontar gastos imprevistos;2011;43,1
1 miembro;No tiene capacidad para afrontar gastos imprevistos;2010;44,1
1 miembro;No tiene capacidad para afrontar gastos imprevistos;2009;42,3
1 miembro;No tiene capacidad para afrontar gastos imprevistos;2008;36,3
1 miembro;Ha tenido retrasos en el pago de gastos relacionados con la vivienda principal (hipoteca o alquiler, recibos de gas, comunidad...) en los últimos 12 meses;2023;7,7
1 miembro;Ha tenido retrasos en el pago de gastos relacionados con la vivienda principal (hipoteca o alquiler, recibos de gas, comunidad...) en los últimos 12 meses;2022;8,1
1 miembro;Ha tenido retrasos en el pago de gastos relacionados con la vivienda principal (hipoteca o alquiler, recibos de gas, comunidad...) en los últimos 12 meses;2021;9,4
1 miembro;Ha tenido retrasos en el pago de gastos relacionados con la vivienda principal (hipoteca o alquiler, recibos de gas, comunidad...) en los últimos 12 meses;2020;10,2
1 miembro;Ha tenido retrasos en el pago de gastos relacionados con la vivienda principal (hipoteca o alquiler, recibos de gas, comunidad...) en los últimos 12 meses;2019;6,4
1 miembro;Ha tenido retrasos en el pago de gastos relacionados con la vivienda principal (hipoteca o alquiler, recibos de gas, comunidad...) en los últimos 12 meses;2018;5,4
1 miembro;Ha tenido retrasos en el pago de gastos relacionados con la vivienda principal (hipoteca o alquiler, recibos de gas, comunidad...) en los últimos 12 meses;2017;5,8
1 miembro;Ha tenido retrasos en el pago de gastos relacionados con la vivienda principal (hipoteca o alquiler, recibos de gas, comunidad...) en los últimos 12 meses;2016;6,3
1 miembro;Ha tenido retrasos en el pago de gastos relacionados con la vivienda principal (hipoteca o alquiler, recibos de gas, comunidad...) en los últimos 12 meses;2015;7,6
1 miembro;Ha tenido retrasos en el pago de gastos relacionados con la vivienda principal (hipoteca o alquiler, recibos de gas, comunidad...) en los últimos 12 meses;2014;7
1 miembro;Ha tenido retrasos en el pago de gastos relacionados con la vivienda principal (hipoteca o alquiler, recibos de gas, comunidad...) en los últimos 12 meses;2013;6,9
1 miembro;Ha tenido retrasos en el pago de gastos relacionados con la vivienda principal (hipoteca o alquiler, recibos de gas, comunidad...) en los últimos 12 meses;2012;5,7
1 miembro;Ha tenido retrasos en el pago de gastos relacionados con la vivienda principal (hipoteca o alquiler, recibos de gas, comunidad...) en los últimos 12 meses;2011;6,2
1 miembro;Ha tenido retrasos en el pago de gastos relacionados con la vivienda principal (hipoteca o alquiler, recibos de gas, comunidad...) en los últimos 12 meses;2010;5,3
1 miembro;Ha tenido retrasos en el pago de gastos relacionados con la vivienda principal (hipoteca o alquiler, recibos de gas, comunidad...) en los últimos 12 meses;2009;5,1
1 miembro;Ha tenido retrasos en el pago de gastos relacionados con la vivienda principal (hipoteca o alquiler, recibos de gas, comunidad...) en los últimos 12 meses;2008;4,3
1 miembro;Ha tenido retrasos en el pago de gastos relacionados con la vivienda principal (hipoteca o alquiler, recibos de gas, comunidad...) o en compras a plazos en los últimos 12 meses;2023;9
1 miembro;Ha tenido retrasos en el pago de gastos relacionados con la vivienda principal (hipoteca o alquiler, recibos de gas, comunidad...) o en compras a plazos en los últimos 12 meses;2022;9,4
1 miembro;Ha tenido retrasos en el pago de gastos relacionados con la vivienda principal (hipoteca o alquiler, recibos de gas, comunidad...) o en compras a plazos en los últimos 12 meses;2021;10,6
1 miembro;Ha tenido retrasos en el pago de gastos relacionados con la vivienda principal (hipoteca o alquiler, recibos de gas, comunidad...) o en compras a plazos en los últimos 12 meses;2020;10,9
1 miembro;Ha tenido retrasos en el pago de gastos relacionados con la vivienda principal (hipoteca o alquiler, recibos de gas, comunidad...) o en compras a plazos en los últimos 12 meses;2019;6,7
1 miembro;Ha tenido retrasos en el pago de gastos relacionados con la vivienda principal (hipoteca o alquiler, recibos de gas, comunidad...) o en compras a plazos en los últimos 12 meses;2018;5,9
1 miembro;Ha tenido retrasos en el pago de gastos relacionados con la vivienda principal (hipoteca o alquiler, recibos de gas, comunidad...) o en compras a plazos en los últimos 12 meses;2017;6,3
1 miembro;Ha tenido retrasos en el pago de gastos relacionados con la vivienda principal (hipoteca o alquiler, recibos de gas, comunidad...) o en compras a plazos en los últimos 12 meses;2016;6,7
1 miembro;Ha tenido retrasos en el pago de gastos relacionados con la vivienda principal (hipoteca o alquiler, recibos de gas, comunidad...) o en compras a plazos en los últimos 12 meses;2015;8,2
1 miembro;Ha tenido retrasos en el pago de gastos relacionados con la vivienda principal (hipoteca o alquiler, recibos de gas, comunidad...) o en compras a plazos en los últimos 12 meses;2014;7,4
1 miembro;Ha tenido retrasos en el pago de gastos relacionados con la vivienda principal (hipoteca o alquiler, recibos de gas, comunidad...) o en compras a plazos en los últimos 12 meses;2013;7,3
1 miembro;Ha tenido retrasos en el pago de gastos relacionados con la vivienda principal (hipoteca o alquiler, recibos de gas, comunidad...) o en compras a plazos en los últimos 12 meses;2012;6,2
1 miembro;Ha tenido retrasos en el pago de gastos relacionados con la vivienda principal (hipoteca o alquiler, recibos de gas, comunidad...) o en compras a plazos en los últimos 12 meses;2011;6,6
1 miembro;Ha tenido retrasos en el pago de gastos relacionados con la vivienda principal (hipoteca o alquiler, recibos de gas, comunidad...) o en compras a plazos en los últimos 12 meses;2010;6,2
1 miembro;Ha tenido retrasos en el pago de gastos relacionados con la vivienda principal (hipoteca o alquiler, recibos de gas, comunidad...) o en compras a plazos en los últimos 12 meses;2009;6,2
1 miembro;Ha tenido retrasos en el pago de gastos relacionados con la vivienda principal (hipoteca o alquiler, recibos de gas, comunidad...) o en compras a plazos en los últimos 12 meses;2008;5
1 miembro;No puede permitirse disponer de un automóvil;2023;6,8
1 miembro;No puede permitirse disponer de un automóvil;2022;6,3
1 miembro;No puede permitirse disponer de un automóvil;2021;6,3
1 miembro;No puede permitirse disponer de un automóvil;2020;6,7
1 miembro;No puede permitirse disponer de un automóvil;2019;5,6
1 miembro;No puede permitirse disponer de un automóvil;2018;6,8
1 miembro;No puede permitirse disponer de un automóvil;2017;6,8
1 miembro;No puede permitirse disponer de un automóvil;2016;8,1
1 miembro;No puede permitirse disponer de un automóvil;2015;7,3
1 miembro;No puede permitirse disponer de un automóvil;2014;9,7
1 miembro;No puede permitirse disponer de un automóvil;2013;7,3
1 miembro;No puede permitirse disponer de un automóvil;2012;6,9
1 miembro;No puede permitirse disponer de un automóvil;2011;7,6
1 miembro;No puede permitirse disponer de un automóvil;2010;7,8
1 miembro;No puede permitirse disponer de un automóvil;2009;7,8
1 miembro;No puede permitirse disponer de un automóvil;2008;7,9
1 miembro;No puede permitirse disponer de un ordenador personal;2023;7,1
1 miembro;No puede permitirse disponer de un ordenador personal;2022;6,7
1 miembro;No puede permitirse disponer de un ordenador personal;2021;7,6
1 miembro;No puede permitirse disponer de un ordenador personal;2020;5,7
1 miembro;No puede permitirse disponer de un ordenador personal;2019;4,3
1 miembro;No puede permitirse disponer de un ordenador personal;2018;5,1
1 miembro;No puede permitirse disponer de un ordenador personal;2017;4,9
1 miembro;No puede permitirse disponer de un ordenador personal;2016;5,8
1 miembro;No puede permitirse disponer de un ordenador personal;2015;6,4
1 miembro;No puede permitirse disponer de un ordenador personal;2014;7,9
1 miembro;No puede permitirse disponer de un ordenador personal;2013;6,4
1 miembro;No puede permitirse disponer de un ordenador personal;2012;6,2
1 miembro;No puede permitirse disponer de un ordenador personal;2011;5,5
1 miembro;No puede permitirse disponer de un ordenador personal;2010;8,6
1 miembro;No puede permitirse disponer de un ordenador personal;2009;7,2
1 miembro;No puede permitirse disponer de un ordenador personal;2008;6,6
1 miembro;No puede sustituir los muebles estropeados o viejos;2023;31,2
1 miembro;No puede sustituir los muebles estropeados o viejos;2022;29,1
1 miembro;No puede sustituir los muebles estropeados o viejos;2021;31,1
1 miembro;No puede sustituir los muebles estropeados o viejos;2020;32,8
1 miembro;No puede sustituir los muebles estropeados o viejos;2019;33,9
1 miembro;No puede sustituir los muebles estropeados o viejos;2018;35,9
1 miembro;No puede sustituir los muebles estropeados o viejos;2017;35,4
1 miembro;No puede sustituir los muebles estropeados o viejos;2016;39,7
1 miembro;No puede sustituir los muebles estropeados o viejos;2015;38,7
1 miembro;No puede sustituir los muebles estropeados o viejos;2014;42
1 miembro;No puede sustituir los muebles estropeados o viejos;2013;44,2
1 miembro;No puede sustituir los muebles estropeados o viejos;2012;0
1 miembro;No puede sustituir los muebles estropeados o viejos;2011;0
1 miembro;No puede sustituir los muebles estropeados o viejos;2010;0
1 miembro;No puede sustituir los muebles estropeados o viejos;2009;38,6
1 miembro;No puede sustituir los muebles estropeados o viejos;2008;0
2 miembros;No puede permitirse ir de vacaciones al menos una semana al año;2023;29,5
2 miembros;No puede permitirse ir de vacaciones al menos una semana al año;2022;30,2
2 miembros;No puede permitirse ir de vacaciones al menos una semana al año;2021;28,6
2 miembros;No puede permitirse ir de vacaciones al menos una semana al año;2020;31,9
2 miembros;No puede permitirse ir de vacaciones al menos una semana al año;2019;31
2 miembros;No puede permitirse ir de vacaciones al menos una semana al año;2018;32
2 miembros;No puede permitirse ir de vacaciones al menos una semana al año;2017;32,9
2 miembros;No puede permitirse ir de vacaciones al menos una semana al año;2016;35,5
2 miembros;No puede permitirse ir de vacaciones al menos una semana al año;2015;38,2
2 miembros;No puede permitirse ir de vacaciones al menos una semana al año;2014;41,6
2 miembros;No puede permitirse ir de vacaciones al menos una semana al año;2013;40
2 miembros;No puede permitirse ir de vacaciones al menos una semana al año;2012;41,9
2 miembros;No puede permitirse ir de vacaciones al menos una semana al año;2011;36,5
2 miembros;No puede permitirse ir de vacaciones al menos una semana al año;2010;36,9
2 miembros;No puede permitirse ir de vacaciones al menos una semana al año;2009;34,7
2 miembros;No puede permitirse ir de vacaciones al menos una semana al año;2008;30,7
2 miembros;No puede permitirse una comida de carne, pollo o pescado al menos cada dos días;2023;5,6
2 miembros;No puede permitirse una comida de carne, pollo o pescado al menos cada dos días;2022;5,3
2 miembros;No puede permitirse una comida de carne, pollo o pescado al menos cada dos días;2021;4,4
2 miembros;No puede permitirse una comida de carne, pollo o pescado al menos cada dos días;2020;4,9
2 miembros;No puede permitirse una comida de carne, pollo o pescado al menos cada dos días;2019;3,7
2 miembros;No puede permitirse una comida de carne, pollo o pescado al menos cada dos días;2018;3,1
2 miembros;No puede permitirse una comida de carne, pollo o pescado al menos cada dos días;2017;3,4
2 miembros;No puede permitirse una comida de carne, pollo o pescado al menos cada dos días;2016;2,6
2 miembros;No puede permitirse una comida de carne, pollo o pescado al menos cada dos días;2015;2
2 miembros;No puede permitirse una comida de carne, pollo o pescado al menos cada dos días;2014;2,2
2 miembros;No puede permitirse una comida de carne, pollo o pescado al menos cada dos días;2013;3
2 miembros;No puede permitirse una comida de carne, pollo o pescado al menos cada dos días;2012;2,7
2 miembros;No puede permitirse una comida de carne, pollo o pescado al menos cada dos días;2011;3,3
2 miembros;No puede permitirse una comida de carne, pollo o pescado al menos cada dos días;2010;2,8
2 miembros;No puede permitirse una comida de carne, pollo o pescado al menos cada dos días;2009;1,9
2 miembros;No puede permitirse una comida de carne, pollo o pescado al menos cada dos días;2008;1,6
2 miembros;No puede permitirse mantener la vivienda con una temperatura adecuada;2023;19,6
2 miembros;No puede permitirse mantener la vivienda con una temperatura adecuada;2022;17,1
2 miembros;No puede permitirse mantener la vivienda con una temperatura adecuada;2021;14,1
2 miembros;No puede permitirse mantener la vivienda con una temperatura adecuada;2020;8,9
2 miembros;No puede permitirse mantener la vivienda con una temperatura adecuada;2019;6,7
2 miembros;No puede permitirse mantener la vivienda con una temperatura adecuada;2018;8,9
2 miembros;No puede permitirse mantener la vivienda con una temperatura adecuada;2017;7,8
2 miembros;No puede permitirse mantener la vivienda con una temperatura adecuada;2016;8,7
2 miembros;No puede permitirse mantener la vivienda con una temperatura adecuada;2015;9,4
2 miembros;No puede permitirse mantener la vivienda con una temperatura adecuada;2014;9,7
2 miembros;No puede permitirse mantener la vivienda con una temperatura adecuada;2013;6,9
2 miembros;No puede permitirse mantener la vivienda con una temperatura adecuada;2012;8,3
2 miembros;No puede permitirse mantener la vivienda con una temperatura adecuada;2011;6,3
2 miembros;No puede permitirse mantener la vivienda con una temperatura adecuada;2010;7,5
2 miembros;No puede permitirse mantener la vivienda con una temperatura adecuada;2009;5,8
2 miembros;No puede permitirse mantener la vivienda con una temperatura adecuada;2008;5,4
2 miembros;No tiene capacidad para afrontar gastos imprevistos;2023;31
2 miembros;No tiene capacidad para afrontar gastos imprevistos;2022;32,1
2 miembros;No tiene capacidad para afrontar gastos imprevistos;2021;29,2
2 miembros;No tiene capacidad para afrontar gastos imprevistos;2020;30,5
2 miembros;No tiene capacidad para afrontar gastos imprevistos;2019;29,8
2 miembros;No tiene capacidad para afrontar gastos imprevistos;2018;34,4
2 miembros;No tiene capacidad para afrontar gastos imprevistos;2017;35,4
2 miembros;No tiene capacidad para afrontar gastos imprevistos;2016;35,4
2 miembros;No tiene capacidad para afrontar gastos imprevistos;2015;36,5
2 miembros;No tiene capacidad para afrontar gastos imprevistos;2014;38,6
2 miembros;No tiene capacidad para afrontar gastos imprevistos;2013;36,8
2 miembros;No tiene capacidad para afrontar gastos imprevistos;2012;38,5
2 miembros;No tiene capacidad para afrontar gastos imprevistos;2011;35
2 miembros;No tiene capacidad para afrontar gastos imprevistos;2010;34,5
2 miembros;No tiene capacidad para afrontar gastos imprevistos;2009;30,9
2 miembros;No tiene capacidad para afrontar gastos imprevistos;2008;26,5
2 miembros;Ha tenido retrasos en el pago de gastos relacionados con la vivienda principal (hipoteca o alquiler, recibos de gas, comunidad...) en los últimos 12 meses;2023;7,8
2 miembros;Ha tenido retrasos en el pago de gastos relacionados con la vivienda principal (hipoteca o alquiler, recibos de gas, comunidad...) en los últimos 12 meses;2022;7,4
2 miembros;Ha tenido retrasos en el pago de gastos relacionados con la vivienda principal (hipoteca o alquiler, recibos de gas, comunidad...) en los últimos 12 meses;2021;8,4
2 miembros;Ha tenido retrasos en el pago de gastos relacionados con la vivienda principal (hipoteca o alquiler, recibos de gas, comunidad...) en los últimos 12 meses;2020;7,5
2 miembros;Ha tenido retrasos en el pago de gastos relacionados con la vivienda principal (hipoteca o alquiler, recibos de gas, comunidad...) en los últimos 12 meses;2019;4,8
2 miembros;Ha tenido retrasos en el pago de gastos relacionados con la vivienda principal (hipoteca o alquiler, recibos de gas, comunidad...) en los últimos 12 meses;2018;5
2 miembros;Ha tenido retrasos en el pago de gastos relacionados con la vivienda principal (hipoteca o alquiler, recibos de gas, comunidad...) en los últimos 12 meses;2017;5,4
2 miembros;Ha tenido retrasos en el pago de gastos relacionados con la vivienda principal (hipoteca o alquiler, recibos de gas, comunidad...) en los últimos 12 meses;2016;6,2
2 miembros;Ha tenido retrasos en el pago de gastos relacionados con la vivienda principal (hipoteca o alquiler, recibos de gas, comunidad...) en los últimos 12 meses;2015;6,8
2 miembros;Ha tenido retrasos en el pago de gastos relacionados con la vivienda principal (hipoteca o alquiler, recibos de gas, comunidad...) en los últimos 12 meses;2014;8,2
2 miembros;Ha tenido retrasos en el pago de gastos relacionados con la vivienda principal (hipoteca o alquiler, recibos de gas, comunidad...) en los últimos 12 meses;2013;6,3
2 miembros;Ha tenido retrasos en el pago de gastos relacionados con la vivienda principal (hipoteca o alquiler, recibos de gas, comunidad...) en los últimos 12 meses;2012;6,1
2 miembros;Ha tenido retrasos en el pago de gastos relacionados con la vivienda principal (hipoteca o alquiler, recibos de gas, comunidad...) en los últimos 12 meses;2011;4,7
2 miembros;Ha tenido retrasos en el pago de gastos relacionados con la vivienda principal (hipoteca o alquiler, recibos de gas, comunidad...) en los últimos 12 meses;2010;7,1
2 miembros;Ha tenido retrasos en el pago de gastos relacionados con la vivienda principal (hipoteca o alquiler, recibos de gas, comunidad...) en los últimos 12 meses;2009;6,1
2 miembros;Ha tenido retrasos en el pago de gastos relacionados con la vivienda principal (hipoteca o alquiler, recibos de gas, comunidad...) en los últimos 12 meses;2008;4,1
2 miembros;Ha tenido retrasos en el pago de gastos relacionados con la vivienda principal (hipoteca o alquiler, recibos de gas, comunidad...) o en compras a plazos en los últimos 12 meses;2023;9,4
2 miembros;Ha tenido retrasos en el pago de gastos relacionados con la vivienda principal (hipoteca o alquiler, recibos de gas, comunidad...) o en compras a plazos en los últimos 12 meses;2022;8,7
2 miembros;Ha tenido retrasos en el pago de gastos relacionados con la vivienda principal (hipoteca o alquiler, recibos de gas, comunidad...) o en compras a plazos en los últimos 12 meses;2021;9,6
2 miembros;Ha tenido retrasos en el pago de gastos relacionados con la vivienda principal (hipoteca o alquiler, recibos de gas, comunidad...) o en compras a plazos en los últimos 12 meses;2020;8,3
2 miembros;Ha tenido retrasos en el pago de gastos relacionados con la vivienda principal (hipoteca o alquiler, recibos de gas, comunidad...) o en compras a plazos en los últimos 12 meses;2019;5,1
2 miembros;Ha tenido retrasos en el pago de gastos relacionados con la vivienda principal (hipoteca o alquiler, recibos de gas, comunidad...) o en compras a plazos en los últimos 12 meses;2018;5,3
2 miembros;Ha tenido retrasos en el pago de gastos relacionados con la vivienda principal (hipoteca o alquiler, recibos de gas, comunidad...) o en compras a plazos en los últimos 12 meses;2017;5,9
2 miembros;Ha tenido retrasos en el pago de gastos relacionados con la vivienda principal (hipoteca o alquiler, recibos de gas, comunidad...) o en compras a plazos en los últimos 12 meses;2016;6,7
2 miembros;Ha tenido retrasos en el pago de gastos relacionados con la vivienda principal (hipoteca o alquiler, recibos de gas, comunidad...) o en compras a plazos en los últimos 12 meses;2015;7,4
2 miembros;Ha tenido retrasos en el pago de gastos relacionados con la vivienda principal (hipoteca o alquiler, recibos de gas, comunidad...) o en compras a plazos en los últimos 12 meses;2014;8,8
2 miembros;Ha tenido retrasos en el pago de gastos relacionados con la vivienda principal (hipoteca o alquiler, recibos de gas, comunidad...) o en compras a plazos en los últimos 12 meses;2013;6,7
2 miembros;Ha tenido retrasos en el pago de gastos relacionados con la vivienda principal (hipoteca o alquiler, recibos de gas, comunidad...) o en compras a plazos en los últimos 12 meses;2012;6,7
2 miembros;Ha tenido retrasos en el pago de gastos relacionados con la vivienda principal (hipoteca o alquiler, recibos de gas, comunidad...) o en compras a plazos en los últimos 12 meses;2011;5,3
2 miembros;Ha tenido retrasos en el pago de gastos relacionados con la vivienda principal (hipoteca o alquiler, recibos de gas, comunidad...) o en compras a plazos en los últimos 12 meses;2010;8
2 miembros;Ha tenido retrasos en el pago de gastos relacionados con la vivienda principal (hipoteca o alquiler, recibos de gas, comunidad...) o en compras a plazos en los últimos 12 meses;2009;7
2 miembros;Ha tenido retrasos en el pago de gastos relacionados con la vivienda principal (hipoteca o alquiler, recibos de gas, comunidad...) o en compras a plazos en los últimos 12 meses;2008;4,8
2 miembros;No puede permitirse disponer de un automóvil;2023;4,2
2 miembros;No puede permitirse disponer de un automóvil;2022;4,5
2 miembros;No puede permitirse disponer de un automóvil;2021;4,9
2 miembros;No puede permitirse disponer de un automóvil;2020;4,4
2 miembros;No puede permitirse disponer de un automóvil;2019;5,1
2 miembros;No puede permitirse disponer de un automóvil;2018;5,6
2 miembros;No puede permitirse disponer de un automóvil;2017;5,1
2 miembros;No puede permitirse disponer de un automóvil;2016;5,4
2 miembros;No puede permitirse disponer de un automóvil;2015;5,6
2 miembros;No puede permitirse disponer de un automóvil;2014;5,5
2 miembros;No puede permitirse disponer de un automóvil;2013;5,2
2 miembros;No puede permitirse disponer de un automóvil;2012;5,2
2 miembros;No puede permitirse disponer de un automóvil;2011;4,8
2 miembros;No puede permitirse disponer de un automóvil;2010;4,5
2 miembros;No puede permitirse disponer de un automóvil;2009;5,8
2 miembros;No puede permitirse disponer de un automóvil;2008;6,6
2 miembros;No puede permitirse disponer de un ordenador personal;2023;4,9
2 miembros;No puede permitirse disponer de un ordenador personal;2022;5,4
2 miembros;No puede permitirse disponer de un ordenador personal;2021;6
2 miembros;No puede permitirse disponer de un ordenador personal;2020;4,9
2 miembros;No puede permitirse disponer de un ordenador personal;2019;4
2 miembros;No puede permitirse disponer de un ordenador personal;2018;4
2 miembros;No puede permitirse disponer de un ordenador personal;2017;5
2 miembros;No puede permitirse disponer de un ordenador personal;2016;5,2
2 miembros;No puede permitirse disponer de un ordenador personal;2015;5,5
2 miembros;No puede permitirse disponer de un ordenador personal;2014;5,8
2 miembros;No puede permitirse disponer de un ordenador personal;2013;5,8
2 miembros;No puede permitirse disponer de un ordenador personal;2012;4,9
2 miembros;No puede permitirse disponer de un ordenador personal;2011;3,9
2 miembros;No puede permitirse disponer de un ordenador personal;2010;5,5
2 miembros;No puede permitirse disponer de un ordenador personal;2009;6
2 miembros;No puede permitirse disponer de un ordenador personal;2008;6,6
2 miembros;No puede sustituir los muebles estropeados o viejos;2023;24,9
2 miembros;No puede sustituir los muebles estropeados o viejos;2022;25,2
2 miembros;No puede sustituir los muebles estropeados o viejos;2021;24,6
2 miembros;No puede sustituir los muebles estropeados o viejos;2020;26,8
2 miembros;No puede sustituir los muebles estropeados o viejos;2019;27,9
2 miembros;No puede sustituir los muebles estropeados o viejos;2018;29,5
2 miembros;No puede sustituir los muebles estropeados o viejos;2017;31,5
2 miembros;No puede sustituir los muebles estropeados o viejos;2016;35,1
2 miembros;No puede sustituir los muebles estropeados o viejos;2015;35,1
2 miembros;No puede sustituir los muebles estropeados o viejos;2014;37,1
2 miembros;No puede sustituir los muebles estropeados o viejos;2013;39,3
2 miembros;No puede sustituir los muebles estropeados o viejos;2012;0
2 miembros;No puede sustituir los muebles estropeados o viejos;2011;0
2 miembros;No puede sustituir los muebles estropeados o viejos;2010;0
2 miembros;No puede sustituir los muebles estropeados o viejos;2009;31,6
2 miembros;No puede sustituir los muebles estropeados o viejos;2008;0
3 miembros;No puede permitirse ir de vacaciones al menos una semana al año;2023;32,9
3 miembros;No puede permitirse ir de vacaciones al menos una semana al año;2022;34,2
3 miembros;No puede permitirse ir de vacaciones al menos una semana al año;2021;34
3 miembros;No puede permitirse ir de vacaciones al menos una semana al año;2020;35,6
3 miembros;No puede permitirse ir de vacaciones al menos una semana al año;2019;33
3 miembros;No puede permitirse ir de vacaciones al menos una semana al año;2018;32,2
3 miembros;No puede permitirse ir de vacaciones al menos una semana al año;2017;33,4
3 miembros;No puede permitirse ir de vacaciones al menos una semana al año;2016;40,5
3 miembros;No puede permitirse ir de vacaciones al menos una semana al año;2015;39,3
3 miembros;No puede permitirse ir de vacaciones al menos una semana al año;2014;46,1
3 miembros;No puede permitirse ir de vacaciones al menos una semana al año;2013;49,4
3 miembros;No puede permitirse ir de vacaciones al menos una semana al año;2012;46,3
3 miembros;No puede permitirse ir de vacaciones al menos una semana al año;2011;39,9
3 miembros;No puede permitirse ir de vacaciones al menos una semana al año;2010;40
3 miembros;No puede permitirse ir de vacaciones al menos una semana al año;2009;39,7
3 miembros;No puede permitirse ir de vacaciones al menos una semana al año;2008;35,3
3 miembros;No puede permitirse una comida de carne, pollo o pescado al menos cada dos días;2023;5,3
3 miembros;No puede permitirse una comida de carne, pollo o pescado al menos cada dos días;2022;4,7
3 miembros;No puede permitirse una comida de carne, pollo o pescado al menos cada dos días;2021;4,6
3 miembros;No puede permitirse una comida de carne, pollo o pescado al menos cada dos días;2020;4,5
3 miembros;No puede permitirse una comida de carne, pollo o pescado al menos cada dos días;2019;2,6
3 miembros;No puede permitirse una comida de carne, pollo o pescado al menos cada dos días;2018;3,4
3 miembros;No puede permitirse una comida de carne, pollo o pescado al menos cada dos días;2017;3,1
3 miembros;No puede permitirse una comida de carne, pollo o pescado al menos cada dos días;2016;1,6
3 miembros;No puede permitirse una comida de carne, pollo o pescado al menos cada dos días;2015;1,7
3 miembros;No puede permitirse una comida de carne, pollo o pescado al menos cada dos días;2014;3
3 miembros;No puede permitirse una comida de carne, pollo o pescado al menos cada dos días;2013;3,5
3 miembros;No puede permitirse una comida de carne, pollo o pescado al menos cada dos días;2012;2,5
3 miembros;No puede permitirse una comida de carne, pollo o pescado al menos cada dos días;2011;3,1
3 miembros;No puede permitirse una comida de carne, pollo o pescado al menos cada dos días;2010;2,3
3 miembros;No puede permitirse una comida de carne, pollo o pescado al menos cada dos días;2009;1,4
3 miembros;No puede permitirse una comida de carne, pollo o pescado al menos cada dos días;2008;2
3 miembros;No puede permitirse mantener la vivienda con una temperatura adecuada;2023;20,5
3 miembros;No puede permitirse mantener la vivienda con una temperatura adecuada;2022;17
3 miembros;No puede permitirse mantener la vivienda con una temperatura adecuada;2021;14,7
3 miembros;No puede permitirse mantener la vivienda con una temperatura adecuada;2020;11,9
3 miembros;No puede permitirse mantener la vivienda con una temperatura adecuada;2019;6,2
3 miembros;No puede permitirse mantener la vivienda con una temperatura adecuada;2018;7,8
3 miembros;No puede permitirse mantener la vivienda con una temperatura adecuada;2017;8
3 miembros;No puede permitirse mantener la vivienda con una temperatura adecuada;2016;9,4
3 miembros;No puede permitirse mantener la vivienda con una temperatura adecuada;2015;8,8
3 miembros;No puede permitirse mantener la vivienda con una temperatura adecuada;2014;10,4
3 miembros;No puede permitirse mantener la vivienda con una temperatura adecuada;2013;8,1
3 miembros;No puede permitirse mantener la vivienda con una temperatura adecuada;2012;7,7
3 miembros;No puede permitirse mantener la vivienda con una temperatura adecuada;2011;5,6
3 miembros;No puede permitirse mantener la vivienda con una temperatura adecuada;2010;6
3 miembros;No puede permitirse mantener la vivienda con una temperatura adecuada;2009;5,4
3 miembros;No puede permitirse mantener la vivienda con una temperatura adecuada;2008;5
3 miembros;No tiene capacidad para afrontar gastos imprevistos;2023;34,5
3 miembros;No tiene capacidad para afrontar gastos imprevistos;2022;34,9
3 miembros;No tiene capacidad para afrontar gastos imprevistos;2021;33,6
3 miembros;No tiene capacidad para afrontar gastos imprevistos;2020;36,3
3 miembros;No tiene capacidad para afrontar gastos imprevistos;2019;33,7
3 miembros;No tiene capacidad para afrontar gastos imprevistos;2018;33
3 miembros;No tiene capacidad para afrontar gastos imprevistos;2017;35,4
3 miembros;No tiene capacidad para afrontar gastos imprevistos;2016;37,5
3 miembros;No tiene capacidad para afrontar gastos imprevistos;2015;37,3
3 miembros;No tiene capacidad para afrontar gastos imprevistos;2014;40,5
3 miembros;No tiene capacidad para afrontar gastos imprevistos;2013;41,3
3 miembros;No tiene capacidad para afrontar gastos imprevistos;2012;39,9
3 miembros;No tiene capacidad para afrontar gastos imprevistos;2011;35,6
3 miembros;No tiene capacidad para afrontar gastos imprevistos;2010;37
3 miembros;No tiene capacidad para afrontar gastos imprevistos;2009;34,7
3 miembros;No tiene capacidad para afrontar gastos imprevistos;2008;28,7
3 miembros;Ha tenido retrasos en el pago de gastos relacionados con la vivienda principal (hipoteca o alquiler, recibos de gas, comunidad...) en los últimos 12 meses;2023;10,6
3 miembros;Ha tenido retrasos en el pago de gastos relacionados con la vivienda principal (hipoteca o alquiler, recibos de gas, comunidad...) en los últimos 12 meses;2022;11,1
3 miembros;Ha tenido retrasos en el pago de gastos relacionados con la vivienda principal (hipoteca o alquiler, recibos de gas, comunidad...) en los últimos 12 meses;2021;12,6
3 miembros;Ha tenido retrasos en el pago de gastos relacionados con la vivienda principal (hipoteca o alquiler, recibos de gas, comunidad...) en los últimos 12 meses;2020;11,6
3 miembros;Ha tenido retrasos en el pago de gastos relacionados con la vivienda principal (hipoteca o alquiler, recibos de gas, comunidad...) en los últimos 12 meses;2019;7,3
3 miembros;Ha tenido retrasos en el pago de gastos relacionados con la vivienda principal (hipoteca o alquiler, recibos de gas, comunidad...) en los últimos 12 meses;2018;8,3
3 miembros;Ha tenido retrasos en el pago de gastos relacionados con la vivienda principal (hipoteca o alquiler, recibos de gas, comunidad...) en los últimos 12 meses;2017;8
3 miembros;Ha tenido retrasos en el pago de gastos relacionados con la vivienda principal (hipoteca o alquiler, recibos de gas, comunidad...) en los últimos 12 meses;2016;9,4
3 miembros;Ha tenido retrasos en el pago de gastos relacionados con la vivienda principal (hipoteca o alquiler, recibos de gas, comunidad...) en los últimos 12 meses;2015;9,5
3 miembros;Ha tenido retrasos en el pago de gastos relacionados con la vivienda principal (hipoteca o alquiler, recibos de gas, comunidad...) en los últimos 12 meses;2014;11,8
3 miembros;Ha tenido retrasos en el pago de gastos relacionados con la vivienda principal (hipoteca o alquiler, recibos de gas, comunidad...) en los últimos 12 meses;2013;10,4
3 miembros;Ha tenido retrasos en el pago de gastos relacionados con la vivienda principal (hipoteca o alquiler, recibos de gas, comunidad...) en los últimos 12 meses;2012;10,2
3 miembros;Ha tenido retrasos en el pago de gastos relacionados con la vivienda principal (hipoteca o alquiler, recibos de gas, comunidad...) en los últimos 12 meses;2011;8,2
3 miembros;Ha tenido retrasos en el pago de gastos relacionados con la vivienda principal (hipoteca o alquiler, recibos de gas, comunidad...) en los últimos 12 meses;2010;9,5
3 miembros;Ha tenido retrasos en el pago de gastos relacionados con la vivienda principal (hipoteca o alquiler, recibos de gas, comunidad...) en los últimos 12 meses;2009;9,1
3 miembros;Ha tenido retrasos en el pago de gastos relacionados con la vivienda principal (hipoteca o alquiler, recibos de gas, comunidad...) en los últimos 12 meses;2008;7,2
3 miembros;Ha tenido retrasos en el pago de gastos relacionados con la vivienda principal (hipoteca o alquiler, recibos de gas, comunidad...) o en compras a plazos en los últimos 12 meses;2023;12,6
3 miembros;Ha tenido retrasos en el pago de gastos relacionados con la vivienda principal (hipoteca o alquiler, recibos de gas, comunidad...) o en compras a plazos en los últimos 12 meses;2022;12,8
3 miembros;Ha tenido retrasos en el pago de gastos relacionados con la vivienda principal (hipoteca o alquiler, recibos de gas, comunidad...) o en compras a plazos en los últimos 12 meses;2021;14
3 miembros;Ha tenido retrasos en el pago de gastos relacionados con la vivienda principal (hipoteca o alquiler, recibos de gas, comunidad...) o en compras a plazos en los últimos 12 meses;2020;13,2
3 miembros;Ha tenido retrasos en el pago de gastos relacionados con la vivienda principal (hipoteca o alquiler, recibos de gas, comunidad...) o en compras a plazos en los últimos 12 meses;2019;7,9
3 miembros;Ha tenido retrasos en el pago de gastos relacionados con la vivienda principal (hipoteca o alquiler, recibos de gas, comunidad...) o en compras a plazos en los últimos 12 meses;2018;8,9
3 miembros;Ha tenido retrasos en el pago de gastos relacionados con la vivienda principal (hipoteca o alquiler, recibos de gas, comunidad...) o en compras a plazos en los últimos 12 meses;2017;8,6
3 miembros;Ha tenido retrasos en el pago de gastos relacionados con la vivienda principal (hipoteca o alquiler, recibos de gas, comunidad...) o en compras a plazos en los últimos 12 meses;2016;10,6
3 miembros;Ha tenido retrasos en el pago de gastos relacionados con la vivienda principal (hipoteca o alquiler, recibos de gas, comunidad...) o en compras a plazos en los últimos 12 meses;2015;10
3 miembros;Ha tenido retrasos en el pago de gastos relacionados con la vivienda principal (hipoteca o alquiler, recibos de gas, comunidad...) o en compras a plazos en los últimos 12 meses;2014;12,6
3 miembros;Ha tenido retrasos en el pago de gastos relacionados con la vivienda principal (hipoteca o alquiler, recibos de gas, comunidad...) o en compras a plazos en los últimos 12 meses;2013;12,2
3 miembros;Ha tenido retrasos en el pago de gastos relacionados con la vivienda principal (hipoteca o alquiler, recibos de gas, comunidad...) o en compras a plazos en los últimos 12 meses;2012;11,2
3 miembros;Ha tenido retrasos en el pago de gastos relacionados con la vivienda principal (hipoteca o alquiler, recibos de gas, comunidad...) o en compras a plazos en los últimos 12 meses;2011;9,1
3 miembros;Ha tenido retrasos en el pago de gastos relacionados con la vivienda principal (hipoteca o alquiler, recibos de gas, comunidad...) o en compras a plazos en los últimos 12 meses;2010;10,3
3 miembros;Ha tenido retrasos en el pago de gastos relacionados con la vivienda principal (hipoteca o alquiler, recibos de gas, comunidad...) o en compras a plazos en los últimos 12 meses;2009;10,3
3 miembros;Ha tenido retrasos en el pago de gastos relacionados con la vivienda principal (hipoteca o alquiler, recibos de gas, comunidad...) o en compras a plazos en los últimos 12 meses;2008;7,6
3 miembros;No puede permitirse disponer de un automóvil;2023;5
3 miembros;No puede permitirse disponer de un automóvil;2022;5,4
3 miembros;No puede permitirse disponer de un automóvil;2021;5
3 miembros;No puede permitirse disponer de un automóvil;2020;5,6
3 miembros;No puede permitirse disponer de un automóvil;2019;3,6
3 miembros;No puede permitirse disponer de un automóvil;2018;4,8
3 miembros;No puede permitirse disponer de un automóvil;2017;4,8
3 miembros;No puede permitirse disponer de un automóvil;2016;6,2
3 miembros;No puede permitirse disponer de un automóvil;2015;5,9
3 miembros;No puede permitirse disponer de un automóvil;2014;5,9
3 miembros;No puede permitirse disponer de un automóvil;2013;6,2
3 miembros;No puede permitirse disponer de un automóvil;2012;5,3
3 miembros;No puede permitirse disponer de un automóvil;2011;5,2
3 miembros;No puede permitirse disponer de un automóvil;2010;6,3
3 miembros;No puede permitirse disponer de un automóvil;2009;5,3
3 miembros;No puede permitirse disponer de un automóvil;2008;5,7
3 miembros;No puede permitirse disponer de un ordenador personal;2023;5,4
3 miembros;No puede permitirse disponer de un ordenador personal;2022;5,6
3 miembros;No puede permitirse disponer de un ordenador personal;2021;6,1
3 miembros;No puede permitirse disponer de un ordenador personal;2020;6,3
3 miembros;No puede permitirse disponer de un ordenador personal;2019;5
3 miembros;No puede permitirse disponer de un ordenador personal;2018;4,8
3 miembros;No puede permitirse disponer de un ordenador personal;2017;4,3
3 miembros;No puede permitirse disponer de un ordenador personal;2016;7,5
3 miembros;No puede permitirse disponer de un ordenador personal;2015;6,7
3 miembros;No puede permitirse disponer de un ordenador personal;2014;6,2
3 miembros;No puede permitirse disponer de un ordenador personal;2013;5,4
3 miembros;No puede permitirse disponer de un ordenador personal;2012;5,1
3 miembros;No puede permitirse disponer de un ordenador personal;2011;5,4
3 miembros;No puede permitirse disponer de un ordenador personal;2010;6,8
3 miembros;No puede permitirse disponer de un ordenador personal;2009;8,5
3 miembros;No puede permitirse disponer de un ordenador personal;2008;9
3 miembros;No puede sustituir los muebles estropeados o viejos;2023;29,1
3 miembros;No puede sustituir los muebles estropeados o viejos;2022;27,6
3 miembros;No puede sustituir los muebles estropeados o viejos;2021;27,4
3 miembros;No puede sustituir los muebles estropeados o viejos;2020;31,3
3 miembros;No puede sustituir los muebles estropeados o viejos;2019;29,8
3 miembros;No puede sustituir los muebles estropeados o viejos;2018;31,4
3 miembros;No puede sustituir los muebles estropeados o viejos;2017;33,4
3 miembros;No puede sustituir los muebles estropeados o viejos;2016;37,7
3 miembros;No puede sustituir los muebles estropeados o viejos;2015;36,7
3 miembros;No puede sustituir los muebles estropeados o viejos;2014;41,8
3 miembros;No puede sustituir los muebles estropeados o viejos;2013;43
3 miembros;No puede sustituir los muebles estropeados o viejos;2012;0
3 miembros;No puede sustituir los muebles estropeados o viejos;2011;0
3 miembros;No puede sustituir los muebles estropeados o viejos;2010;0
3 miembros;No puede sustituir los muebles estropeados o viejos;2009;35,7
3 miembros;No puede sustituir los muebles estropeados o viejos;2008;0
4 miembros;No puede permitirse ir de vacaciones al menos una semana al año;2023;31,3
4 miembros;No puede permitirse ir de vacaciones al menos una semana al año;2022;28,7
4 miembros;No puede permitirse ir de vacaciones al menos una semana al año;2021;26,8
4 miembros;No puede permitirse ir de vacaciones al menos una semana al año;2020;27,9
4 miembros;No puede permitirse ir de vacaciones al menos una semana al año;2019;29,5
4 miembros;No puede permitirse ir de vacaciones al menos una semana al año;2018;30,8
4 miembros;No puede permitirse ir de vacaciones al menos una semana al año;2017;30,9
4 miembros;No puede permitirse ir de vacaciones al menos una semana al año;2016;38,8
4 miembros;No puede permitirse ir de vacaciones al menos una semana al año;2015;40,1
4 miembros;No puede permitirse ir de vacaciones al menos una semana al año;2014;46,6
4 miembros;No puede permitirse ir de vacaciones al menos una semana al año;2013;49,4
4 miembros;No puede permitirse ir de vacaciones al menos una semana al año;2012;45,7
4 miembros;No puede permitirse ir de vacaciones al menos una semana al año;2011;39,6
4 miembros;No puede permitirse ir de vacaciones al menos una semana al año;2010;42,5
4 miembros;No puede permitirse ir de vacaciones al menos una semana al año;2009;41
4 miembros;No puede permitirse ir de vacaciones al menos una semana al año;2008;33,3
4 miembros;No puede permitirse una comida de carne, pollo o pescado al menos cada dos días;2023;5,5
4 miembros;No puede permitirse una comida de carne, pollo o pescado al menos cada dos días;2022;4,1
4 miembros;No puede permitirse una comida de carne, pollo o pescado al menos cada dos días;2021;2,3
4 miembros;No puede permitirse una comida de carne, pollo o pescado al menos cada dos días;2020;4,1
4 miembros;No puede permitirse una comida de carne, pollo o pescado al menos cada dos días;2019;2,7
4 miembros;No puede permitirse una comida de carne, pollo o pescado al menos cada dos días;2018;2,6
4 miembros;No puede permitirse una comida de carne, pollo o pescado al menos cada dos días;2017;2,6
4 miembros;No puede permitirse una comida de carne, pollo o pescado al menos cada dos días;2016;2,7
4 miembros;No puede permitirse una comida de carne, pollo o pescado al menos cada dos días;2015;2,6
4 miembros;No puede permitirse una comida de carne, pollo o pescado al menos cada dos días;2014;2,5
4 miembros;No puede permitirse una comida de carne, pollo o pescado al menos cada dos días;2013;2,8
4 miembros;No puede permitirse una comida de carne, pollo o pescado al menos cada dos días;2012;2
4 miembros;No puede permitirse una comida de carne, pollo o pescado al menos cada dos días;2011;2
4 miembros;No puede permitirse una comida de carne, pollo o pescado al menos cada dos días;2010;1,6
4 miembros;No puede permitirse una comida de carne, pollo o pescado al menos cada dos días;2009;1,7
4 miembros;No puede permitirse una comida de carne, pollo o pescado al menos cada dos días;2008;1,5
4 miembros;No puede permitirse mantener la vivienda con una temperatura adecuada;2023;18
4 miembros;No puede permitirse mantener la vivienda con una temperatura adecuada;2022;13,3
4 miembros;No puede permitirse mantener la vivienda con una temperatura adecuada;2021;10,1
4 miembros;No puede permitirse mantener la vivienda con una temperatura adecuada;2020;7,7
4 miembros;No puede permitirse mantener la vivienda con una temperatura adecuada;2019;5,7
4 miembros;No puede permitirse mantener la vivienda con una temperatura adecuada;2018;7,2
4 miembros;No puede permitirse mantener la vivienda con una temperatura adecuada;2017;5,6
4 miembros;No puede permitirse mantener la vivienda con una temperatura adecuada;2016;8,2
4 miembros;No puede permitirse mantener la vivienda con una temperatura adecuada;2015;9,3
4 miembros;No puede permitirse mantener la vivienda con una temperatura adecuada;2014;10,3
4 miembros;No puede permitirse mantener la vivienda con una temperatura adecuada;2013;6,2
4 miembros;No puede permitirse mantener la vivienda con una temperatura adecuada;2012;8,1
4 miembros;No puede permitirse mantener la vivienda con una temperatura adecuada;2011;5,7
4 miembros;No puede permitirse mantener la vivienda con una temperatura adecuada;2010;6,6
4 miembros;No puede permitirse mantener la vivienda con una temperatura adecuada;2009;6,3
4 miembros;No puede permitirse mantener la vivienda con una temperatura adecuada;2008;4,6
4 miembros;No tiene capacidad para afrontar gastos imprevistos;2023;35,6
4 miembros;No tiene capacidad para afrontar gastos imprevistos;2022;31,4
4 miembros;No tiene capacidad para afrontar gastos imprevistos;2021;28,8
4 miembros;No tiene capacidad para afrontar gastos imprevistos;2020;28,6
4 miembros;No tiene capacidad para afrontar gastos imprevistos;2019;29,9
4 miembros;No tiene capacidad para afrontar gastos imprevistos;2018;33,2
4 miembros;No tiene capacidad para afrontar gastos imprevistos;2017;32,5
4 miembros;No tiene capacidad para afrontar gastos imprevistos;2016;35,5
4 miembros;No tiene capacidad para afrontar gastos imprevistos;2015;37,3
4 miembros;No tiene capacidad para afrontar gastos imprevistos;2014;40
4 miembros;No tiene capacidad para afrontar gastos imprevistos;2013;41,9
4 miembros;No tiene capacidad para afrontar gastos imprevistos;2012;40,9
4 miembros;No tiene capacidad para afrontar gastos imprevistos;2011;34,3
4 miembros;No tiene capacidad para afrontar gastos imprevistos;2010;35,9
4 miembros;No tiene capacidad para afrontar gastos imprevistos;2009;33,5
4 miembros;No tiene capacidad para afrontar gastos imprevistos;2008;24,4
4 miembros;Ha tenido retrasos en el pago de gastos relacionados con la vivienda principal (hipoteca o alquiler, recibos de gas, comunidad...) en los últimos 12 meses;2023;11,4
4 miembros;Ha tenido retrasos en el pago de gastos relacionados con la vivienda principal (hipoteca o alquiler, recibos de gas, comunidad...) en los últimos 12 meses;2022;11,5
4 miembros;Ha tenido retrasos en el pago de gastos relacionados con la vivienda principal (hipoteca o alquiler, recibos de gas, comunidad...) en los últimos 12 meses;2021;11,4
4 miembros;Ha tenido retrasos en el pago de gastos relacionados con la vivienda principal (hipoteca o alquiler, recibos de gas, comunidad...) en los últimos 12 meses;2020;10,5
4 miembros;Ha tenido retrasos en el pago de gastos relacionados con la vivienda principal (hipoteca o alquiler, recibos de gas, comunidad...) en los últimos 12 meses;2019;7,6
4 miembros;Ha tenido retrasos en el pago de gastos relacionados con la vivienda principal (hipoteca o alquiler, recibos de gas, comunidad...) en los últimos 12 meses;2018;9,3
4 miembros;Ha tenido retrasos en el pago de gastos relacionados con la vivienda principal (hipoteca o alquiler, recibos de gas, comunidad...) en los últimos 12 meses;2017;9,5
4 miembros;Ha tenido retrasos en el pago de gastos relacionados con la vivienda principal (hipoteca o alquiler, recibos de gas, comunidad...) en los últimos 12 meses;2016;10,1
4 miembros;Ha tenido retrasos en el pago de gastos relacionados con la vivienda principal (hipoteca o alquiler, recibos de gas, comunidad...) en los últimos 12 meses;2015;12,9
4 miembros;Ha tenido retrasos en el pago de gastos relacionados con la vivienda principal (hipoteca o alquiler, recibos de gas, comunidad...) en los últimos 12 meses;2014;13,1
4 miembros;Ha tenido retrasos en el pago de gastos relacionados con la vivienda principal (hipoteca o alquiler, recibos de gas, comunidad...) en los últimos 12 meses;2013;13,3
4 miembros;Ha tenido retrasos en el pago de gastos relacionados con la vivienda principal (hipoteca o alquiler, recibos de gas, comunidad...) en los últimos 12 meses;2012;10,1
4 miembros;Ha tenido retrasos en el pago de gastos relacionados con la vivienda principal (hipoteca o alquiler, recibos de gas, comunidad...) en los últimos 12 meses;2011;8,9
4 miembros;Ha tenido retrasos en el pago de gastos relacionados con la vivienda principal (hipoteca o alquiler, recibos de gas, comunidad...) en los últimos 12 meses;2010;11,1
4 miembros;Ha tenido retrasos en el pago de gastos relacionados con la vivienda principal (hipoteca o alquiler, recibos de gas, comunidad...) en los últimos 12 meses;2009;10,1
4 miembros;Ha tenido retrasos en el pago de gastos relacionados con la vivienda principal (hipoteca o alquiler, recibos de gas, comunidad...) en los últimos 12 meses;2008;7
4 miembros;Ha tenido retrasos en el pago de gastos relacionados con la vivienda principal (hipoteca o alquiler, recibos de gas, comunidad...) o en compras a plazos en los últimos 12 meses;2023;13,4
4 miembros;Ha tenido retrasos en el pago de gastos relacionados con la vivienda principal (hipoteca o alquiler, recibos de gas, comunidad...) o en compras a plazos en los últimos 12 meses;2022;13,5
4 miembros;Ha tenido retrasos en el pago de gastos relacionados con la vivienda principal (hipoteca o alquiler, recibos de gas, comunidad...) o en compras a plazos en los últimos 12 meses;2021;13,9
4 miembros;Ha tenido retrasos en el pago de gastos relacionados con la vivienda principal (hipoteca o alquiler, recibos de gas, comunidad...) o en compras a plazos en los últimos 12 meses;2020;11,8
4 miembros;Ha tenido retrasos en el pago de gastos relacionados con la vivienda principal (hipoteca o alquiler, recibos de gas, comunidad...) o en compras a plazos en los últimos 12 meses;2019;8,1
4 miembros;Ha tenido retrasos en el pago de gastos relacionados con la vivienda principal (hipoteca o alquiler, recibos de gas, comunidad...) o en compras a plazos en los últimos 12 meses;2018;10,3
4 miembros;Ha tenido retrasos en el pago de gastos relacionados con la vivienda principal (hipoteca o alquiler, recibos de gas, comunidad...) o en compras a plazos en los últimos 12 meses;2017;9,8
4 miembros;Ha tenido retrasos en el pago de gastos relacionados con la vivienda principal (hipoteca o alquiler, recibos de gas, comunidad...) o en compras a plazos en los últimos 12 meses;2016;10,6
4 miembros;Ha tenido retrasos en el pago de gastos relacionados con la vivienda principal (hipoteca o alquiler, recibos de gas, comunidad...) o en compras a plazos en los últimos 12 meses;2015;13,7
4 miembros;Ha tenido retrasos en el pago de gastos relacionados con la vivienda principal (hipoteca o alquiler, recibos de gas, comunidad...) o en compras a plazos en los últimos 12 meses;2014;13,7
4 miembros;Ha tenido retrasos en el pago de gastos relacionados con la vivienda principal (hipoteca o alquiler, recibos de gas, comunidad...) o en compras a plazos en los últimos 12 meses;2013;13,9
4 miembros;Ha tenido retrasos en el pago de gastos relacionados con la vivienda principal (hipoteca o alquiler, recibos de gas, comunidad...) o en compras a plazos en los últimos 12 meses;2012;11,3
4 miembros;Ha tenido retrasos en el pago de gastos relacionados con la vivienda principal (hipoteca o alquiler, recibos de gas, comunidad...) o en compras a plazos en los últimos 12 meses;2011;9,8
4 miembros;Ha tenido retrasos en el pago de gastos relacionados con la vivienda principal (hipoteca o alquiler, recibos de gas, comunidad...) o en compras a plazos en los últimos 12 meses;2010;12,4
4 miembros;Ha tenido retrasos en el pago de gastos relacionados con la vivienda principal (hipoteca o alquiler, recibos de gas, comunidad...) o en compras a plazos en los últimos 12 meses;2009;11,4
4 miembros;Ha tenido retrasos en el pago de gastos relacionados con la vivienda principal (hipoteca o alquiler, recibos de gas, comunidad...) o en compras a plazos en los últimos 12 meses;2008;7,9
4 miembros;No puede permitirse disponer de un automóvil;2023;4,2
4 miembros;No puede permitirse disponer de un automóvil;2022;3,3
4 miembros;No puede permitirse disponer de un automóvil;2021;2,6
4 miembros;No puede permitirse disponer de un automóvil;2020;3,1
4 miembros;No puede permitirse disponer de un automóvil;2019;3,2
4 miembros;No puede permitirse disponer de un automóvil;2018;3,2
4 miembros;No puede permitirse disponer de un automóvil;2017;3
4 miembros;No puede permitirse disponer de un automóvil;2016;4,1
4 miembros;No puede permitirse disponer de un automóvil;2015;4,1
4 miembros;No puede permitirse disponer de un automóvil;2014;4,1
4 miembros;No puede permitirse disponer de un automóvil;2013;4,9
4 miembros;No puede permitirse disponer de un automóvil;2012;4,8
4 miembros;No puede permitirse disponer de un automóvil;2011;4,9
4 miembros;No puede permitirse disponer de un automóvil;2010;4,6
4 miembros;No puede permitirse disponer de un automóvil;2009;4,2
4 miembros;No puede permitirse disponer de un automóvil;2008;3,9
4 miembros;No puede permitirse disponer de un ordenador personal;2023;5
4 miembros;No puede permitirse disponer de un ordenador personal;2022;4,2
4 miembros;No puede permitirse disponer de un ordenador personal;2021;4,8
4 miembros;No puede permitirse disponer de un ordenador personal;2020;5,2
4 miembros;No puede permitirse disponer de un ordenador personal;2019;4,7
4 miembros;No puede permitirse disponer de un ordenador personal;2018;5,2
4 miembros;No puede permitirse disponer de un ordenador personal;2017;3,8
4 miembros;No puede permitirse disponer de un ordenador personal;2016;6
4 miembros;No puede permitirse disponer de un ordenador personal;2015;5,2
4 miembros;No puede permitirse disponer de un ordenador personal;2014;6
4 miembros;No puede permitirse disponer de un ordenador personal;2013;5,3
4 miembros;No puede permitirse disponer de un ordenador personal;2012;5,5
4 miembros;No puede permitirse disponer de un ordenador personal;2011;4,4
4 miembros;No puede permitirse disponer de un ordenador personal;2010;5,8
4 miembros;No puede permitirse disponer de un ordenador personal;2009;6,9
4 miembros;No puede permitirse disponer de un ordenador personal;2008;6
4 miembros;No puede sustituir los muebles estropeados o viejos;2023;29,5
4 miembros;No puede sustituir los muebles estropeados o viejos;2022;24,8
4 miembros;No puede sustituir los muebles estropeados o viejos;2021;23,4
4 miembros;No puede sustituir los muebles estropeados o viejos;2020;26,1
4 miembros;No puede sustituir los muebles estropeados o viejos;2019;27,2
4 miembros;No puede sustituir los muebles estropeados o viejos;2018;29,4
4 miembros;No puede sustituir los muebles estropeados o viejos;2017;30,8
4 miembros;No puede sustituir los muebles estropeados o viejos;2016;38,4
4 miembros;No puede sustituir los muebles estropeados o viejos;2015;39,1
4 miembros;No puede sustituir los muebles estropeados o viejos;2014;41,9
4 miembros;No puede sustituir los muebles estropeados o viejos;2013;46,8
4 miembros;No puede sustituir los muebles estropeados o viejos;2012;0
4 miembros;No puede sustituir los muebles estropeados o viejos;2011;0
4 miembros;No puede sustituir los muebles estropeados o viejos;2010;0
4 miembros;No puede sustituir los muebles estropeados o viejos;2009;38,7
4 miembros;No puede sustituir los muebles estropeados o viejos;2008;0
5 miembros o más;No puede permitirse ir de vacaciones al menos una semana al año;2023;42,6
5 miembros o más;No puede permitirse ir de vacaciones al menos una semana al año;2022;44,2
5 miembros o más;No puede permitirse ir de vacaciones al menos una semana al año;2021;45,3
5 miembros o más;No puede permitirse ir de vacaciones al menos una semana al año;2020;48,9
5 miembros o más;No puede permitirse ir de vacaciones al menos una semana al año;2019;44,9
5 miembros o más;No puede permitirse ir de vacaciones al menos una semana al año;2018;47,1
5 miembros o más;No puede permitirse ir de vacaciones al menos una semana al año;2017;44,5
5 miembros o más;No puede permitirse ir de vacaciones al menos una semana al año;2016;51,5
5 miembros o más;No puede permitirse ir de vacaciones al menos una semana al año;2015;55,3
5 miembros o más;No puede permitirse ir de vacaciones al menos una semana al año;2014;57,8
5 miembros o más;No puede permitirse ir de vacaciones al menos una semana al año;2013;60,5
5 miembros o más;No puede permitirse ir de vacaciones al menos una semana al año;2012;59,5
5 miembros o más;No puede permitirse ir de vacaciones al menos una semana al año;2011;51,9
5 miembros o más;No puede permitirse ir de vacaciones al menos una semana al año;2010;57
5 miembros o más;No puede permitirse ir de vacaciones al menos una semana al año;2009;56,2
5 miembros o más;No puede permitirse ir de vacaciones al menos una semana al año;2008;49,7
5 miembros o más;No puede permitirse una comida de carne, pollo o pescado al menos cada dos días;2023;9,5
5 miembros o más;No puede permitirse una comida de carne, pollo o pescado al menos cada dos días;2022;8,2
5 miembros o más;No puede permitirse una comida de carne, pollo o pescado al menos cada dos días;2021;8,3
5 miembros o más;No puede permitirse una comida de carne, pollo o pescado al menos cada dos días;2020;9,1
5 miembros o más;No puede permitirse una comida de carne, pollo o pescado al menos cada dos días;2019;8,4
5 miembros o más;No puede permitirse una comida de carne, pollo o pescado al menos cada dos días;2018;6,3
5 miembros o más;No puede permitirse una comida de carne, pollo o pescado al menos cada dos días;2017;6,5
5 miembros o más;No puede permitirse una comida de carne, pollo o pescado al menos cada dos días;2016;5,4
5 miembros o más;No puede permitirse una comida de carne, pollo o pescado al menos cada dos días;2015;4,8
5 miembros o más;No puede permitirse una comida de carne, pollo o pescado al menos cada dos días;2014;6,9
5 miembros o más;No puede permitirse una comida de carne, pollo o pescado al menos cada dos días;2013;5,6
5 miembros o más;No puede permitirse una comida de carne, pollo o pescado al menos cada dos días;2012;2,9
5 miembros o más;No puede permitirse una comida de carne, pollo o pescado al menos cada dos días;2011;4,8
5 miembros o más;No puede permitirse una comida de carne, pollo o pescado al menos cada dos días;2010;4,1
5 miembros o más;No puede permitirse una comida de carne, pollo o pescado al menos cada dos días;2009;4
5 miembros o más;No puede permitirse una comida de carne, pollo o pescado al menos cada dos días;2008;3,7
5 miembros o más;No puede permitirse mantener la vivienda con una temperatura adecuada;2023;26
5 miembros o más;No puede permitirse mantener la vivienda con una temperatura adecuada;2022;21,4
5 miembros o más;No puede permitirse mantener la vivienda con una temperatura adecuada;2021;18
5 miembros o más;No puede permitirse mantener la vivienda con una temperatura adecuada;2020;16,7
5 miembros o más;No puede permitirse mantener la vivienda con una temperatura adecuada;2019;14
5 miembros o más;No puede permitirse mantener la vivienda con una temperatura adecuada;2018;14,2
5 miembros o más;No puede permitirse mantener la vivienda con una temperatura adecuada;2017;12,3
5 miembros o más;No puede permitirse mantener la vivienda con una temperatura adecuada;2016;16
5 miembros o más;No puede permitirse mantener la vivienda con una temperatura adecuada;2015;17,5
5 miembros o más;No puede permitirse mantener la vivienda con una temperatura adecuada;2014;15,1
5 miembros o más;No puede permitirse mantener la vivienda con una temperatura adecuada;2013;13,4
5 miembros o más;No puede permitirse mantener la vivienda con una temperatura adecuada;2012;14,8
5 miembros o más;No puede permitirse mantener la vivienda con una temperatura adecuada;2011;9,6
5 miembros o más;No puede permitirse mantener la vivienda con una temperatura adecuada;2010;10,6
5 miembros o más;No puede permitirse mantener la vivienda con una temperatura adecuada;2009;12
5 miembros o más;No puede permitirse mantener la vivienda con una temperatura adecuada;2008;8,8
5 miembros o más;No tiene capacidad para afrontar gastos imprevistos;2023;52,6
5 miembros o más;No tiene capacidad para afrontar gastos imprevistos;2022;47
5 miembros o más;No tiene capacidad para afrontar gastos imprevistos;2021;45,6
5 miembros o más;No tiene capacidad para afrontar gastos imprevistos;2020;50,7
5 miembros o más;No tiene capacidad para afrontar gastos imprevistos;2019;47,3
5 miembros o más;No tiene capacidad para afrontar gastos imprevistos;2018;48,4
5 miembros o más;No tiene capacidad para afrontar gastos imprevistos;2017;46,6
5 miembros o más;No tiene capacidad para afrontar gastos imprevistos;2016;53,2
5 miembros o más;No tiene capacidad para afrontar gastos imprevistos;2015;54
5 miembros o más;No tiene capacidad para afrontar gastos imprevistos;2014;57,4
5 miembros o más;No tiene capacidad para afrontar gastos imprevistos;2013;55,4
5 miembros o más;No tiene capacidad para afrontar gastos imprevistos;2012;54,4
5 miembros o más;No tiene capacidad para afrontar gastos imprevistos;2011;48,8
5 miembros o más;No tiene capacidad para afrontar gastos imprevistos;2010;49,8
5 miembros o más;No tiene capacidad para afrontar gastos imprevistos;2009;48,5
5 miembros o más;No tiene capacidad para afrontar gastos imprevistos;2008;41,8
5 miembros o más;Ha tenido retrasos en el pago de gastos relacionados con la vivienda principal (hipoteca o alquiler, recibos de gas, comunidad...) en los últimos 12 meses;2023;24,1
5 miembros o más;Ha tenido retrasos en el pago de gastos relacionados con la vivienda principal (hipoteca o alquiler, recibos de gas, comunidad...) en los últimos 12 meses;2022;22,5
5 miembros o más;Ha tenido retrasos en el pago de gastos relacionados con la vivienda principal (hipoteca o alquiler, recibos de gas, comunidad...) en los últimos 12 meses;2021;24,7
5 miembros o más;Ha tenido retrasos en el pago de gastos relacionados con la vivienda principal (hipoteca o alquiler, recibos de gas, comunidad...) en los últimos 12 meses;2020;26
5 miembros o más;Ha tenido retrasos en el pago de gastos relacionados con la vivienda principal (hipoteca o alquiler, recibos de gas, comunidad...) en los últimos 12 meses;2019;16,3
5 miembros o más;Ha tenido retrasos en el pago de gastos relacionados con la vivienda principal (hipoteca o alquiler, recibos de gas, comunidad...) en los últimos 12 meses;2018;19,4
5 miembros o más;Ha tenido retrasos en el pago de gastos relacionados con la vivienda principal (hipoteca o alquiler, recibos de gas, comunidad...) en los últimos 12 meses;2017;18,4
5 miembros o más;Ha tenido retrasos en el pago de gastos relacionados con la vivienda principal (hipoteca o alquiler, recibos de gas, comunidad...) en los últimos 12 meses;2016;19,9
5 miembros o más;Ha tenido retrasos en el pago de gastos relacionados con la vivienda principal (hipoteca o alquiler, recibos de gas, comunidad...) en los últimos 12 meses;2015;20,5
5 miembros o más;Ha tenido retrasos en el pago de gastos relacionados con la vivienda principal (hipoteca o alquiler, recibos de gas, comunidad...) en los últimos 12 meses;2014;19
5 miembros o más;Ha tenido retrasos en el pago de gastos relacionados con la vivienda principal (hipoteca o alquiler, recibos de gas, comunidad...) en los últimos 12 meses;2013;19,7
5 miembros o más;Ha tenido retrasos en el pago de gastos relacionados con la vivienda principal (hipoteca o alquiler, recibos de gas, comunidad...) en los últimos 12 meses;2012;19,1
5 miembros o más;Ha tenido retrasos en el pago de gastos relacionados con la vivienda principal (hipoteca o alquiler, recibos de gas, comunidad...) en los últimos 12 meses;2011;11,7
5 miembros o más;Ha tenido retrasos en el pago de gastos relacionados con la vivienda principal (hipoteca o alquiler, recibos de gas, comunidad...) en los últimos 12 meses;2010;18,2
5 miembros o más;Ha tenido retrasos en el pago de gastos relacionados con la vivienda principal (hipoteca o alquiler, recibos de gas, comunidad...) en los últimos 12 meses;2009;16,3
5 miembros o más;Ha tenido retrasos en el pago de gastos relacionados con la vivienda principal (hipoteca o alquiler, recibos de gas, comunidad...) en los últimos 12 meses;2008;12,3
5 miembros o más;Ha tenido retrasos en el pago de gastos relacionados con la vivienda principal (hipoteca o alquiler, recibos de gas, comunidad...) o en compras a plazos en los últimos 12 meses;2023;26,6
5 miembros o más;Ha tenido retrasos en el pago de gastos relacionados con la vivienda principal (hipoteca o alquiler, recibos de gas, comunidad...) o en compras a plazos en los últimos 12 meses;2022;24,5
5 miembros o más;Ha tenido retrasos en el pago de gastos relacionados con la vivienda principal (hipoteca o alquiler, recibos de gas, comunidad...) o en compras a plazos en los últimos 12 meses;2021;27,4
5 miembros o más;Ha tenido retrasos en el pago de gastos relacionados con la vivienda principal (hipoteca o alquiler, recibos de gas, comunidad...) o en compras a plazos en los últimos 12 meses;2020;28,2
5 miembros o más;Ha tenido retrasos en el pago de gastos relacionados con la vivienda principal (hipoteca o alquiler, recibos de gas, comunidad...) o en compras a plazos en los últimos 12 meses;2019;17,5
5 miembros o más;Ha tenido retrasos en el pago de gastos relacionados con la vivienda principal (hipoteca o alquiler, recibos de gas, comunidad...) o en compras a plazos en los últimos 12 meses;2018;19,9
5 miembros o más;Ha tenido retrasos en el pago de gastos relacionados con la vivienda principal (hipoteca o alquiler, recibos de gas, comunidad...) o en compras a plazos en los últimos 12 meses;2017;19,1
5 miembros o más;Ha tenido retrasos en el pago de gastos relacionados con la vivienda principal (hipoteca o alquiler, recibos de gas, comunidad...) o en compras a plazos en los últimos 12 meses;2016;21,4
5 miembros o más;Ha tenido retrasos en el pago de gastos relacionados con la vivienda principal (hipoteca o alquiler, recibos de gas, comunidad...) o en compras a plazos en los últimos 12 meses;2015;22
5 miembros o más;Ha tenido retrasos en el pago de gastos relacionados con la vivienda principal (hipoteca o alquiler, recibos de gas, comunidad...) o en compras a plazos en los últimos 12 meses;2014;20,6
5 miembros o más;Ha tenido retrasos en el pago de gastos relacionados con la vivienda principal (hipoteca o alquiler, recibos de gas, comunidad...) o en compras a plazos en los últimos 12 meses;2013;20,8
5 miembros o más;Ha tenido retrasos en el pago de gastos relacionados con la vivienda principal (hipoteca o alquiler, recibos de gas, comunidad...) o en compras a plazos en los últimos 12 meses;2012;20,1
5 miembros o más;Ha tenido retrasos en el pago de gastos relacionados con la vivienda principal (hipoteca o alquiler, recibos de gas, comunidad...) o en compras a plazos en los últimos 12 meses;2011;12,7
5 miembros o más;Ha tenido retrasos en el pago de gastos relacionados con la vivienda principal (hipoteca o alquiler, recibos de gas, comunidad...) o en compras a plazos en los últimos 12 meses;2010;21
5 miembros o más;Ha tenido retrasos en el pago de gastos relacionados con la vivienda principal (hipoteca o alquiler, recibos de gas, comunidad...) o en compras a plazos en los últimos 12 meses;2009;19
5 miembros o más;Ha tenido retrasos en el pago de gastos relacionados con la vivienda principal (hipoteca o alquiler, recibos de gas, comunidad...) o en compras a plazos en los últimos 12 meses;2008;14,8
5 miembros o más;No puede permitirse disponer de un automóvil;2023;7,5
5 miembros o más;No puede permitirse disponer de un automóvil;2022;7,5
5 miembros o más;No puede permitirse disponer de un automóvil;2021;8
5 miembros o más;No puede permitirse disponer de un automóvil;2020;6,7
5 miembros o más;No puede permitirse disponer de un automóvil;2019;8,5
5 miembros o más;No puede permitirse disponer de un automóvil;2018;7,6
5 miembros o más;No puede permitirse disponer de un automóvil;2017;5,5
5 miembros o más;No puede permitirse disponer de un automóvil;2016;9,3
5 miembros o más;No puede permitirse disponer de un automóvil;2015;8,7
5 miembros o más;No puede permitirse disponer de un automóvil;2014;8,5
5 miembros o más;No puede permitirse disponer de un automóvil;2013;10,8
5 miembros o más;No puede permitirse disponer de un automóvil;2012;8,7
5 miembros o más;No puede permitirse disponer de un automóvil;2011;8
5 miembros o más;No puede permitirse disponer de un automóvil;2010;9
5 miembros o más;No puede permitirse disponer de un automóvil;2009;7,6
5 miembros o más;No puede permitirse disponer de un automóvil;2008;7,7
5 miembros o más;No puede permitirse disponer de un ordenador personal;2023;10,7
5 miembros o más;No puede permitirse disponer de un ordenador personal;2022;9,4
5 miembros o más;No puede permitirse disponer de un ordenador personal;2021;10,3
5 miembros o más;No puede permitirse disponer de un ordenador personal;2020;13
5 miembros o más;No puede permitirse disponer de un ordenador personal;2019;12,6
5 miembros o más;No puede permitirse disponer de un ordenador personal;2018;11,6
5 miembros o más;No puede permitirse disponer de un ordenador personal;2017;10,2
5 miembros o más;No puede permitirse disponer de un ordenador personal;2016;14,3
5 miembros o más;No puede permitirse disponer de un ordenador personal;2015;15,8
5 miembros o más;No puede permitirse disponer de un ordenador personal;2014;14
5 miembros o más;No puede permitirse disponer de un ordenador personal;2013;14,6
5 miembros o más;No puede permitirse disponer de un ordenador personal;2012;15,2
5 miembros o más;No puede permitirse disponer de un ordenador personal;2011;11,4
5 miembros o más;No puede permitirse disponer de un ordenador personal;2010;14,6
5 miembros o más;No puede permitirse disponer de un ordenador personal;2009;12,9
5 miembros o más;No puede permitirse disponer de un ordenador personal;2008;17,6
5 miembros o más;No puede sustituir los muebles estropeados o viejos;2023;40
5 miembros o más;No puede sustituir los muebles estropeados o viejos;2022;34,7
5 miembros o más;No puede sustituir los muebles estropeados o viejos;2021;38,1
5 miembros o más;No puede sustituir los muebles estropeados o viejos;2020;43,1
5 miembros o más;No puede sustituir los muebles estropeados o viejos;2019;46
5 miembros o más;No puede sustituir los muebles estropeados o viejos;2018;44,3
5 miembros o más;No puede sustituir los muebles estropeados o viejos;2017;45,7
5 miembros o más;No puede sustituir los muebles estropeados o viejos;2016;52,5
5 miembros o más;No puede sustituir los muebles estropeados o viejos;2015;49,5
5 miembros o más;No puede sustituir los muebles estropeados o viejos;2014;56,5
5 miembros o más;No puede sustituir los muebles estropeados o viejos;2013;56,5
5 miembros o más;No puede sustituir los muebles estropeados o viejos;2012;0
5 miembros o más;No puede sustituir los muebles estropeados o viejos;2011;0
5 miembros o más;No puede sustituir los muebles estropeados o viejos;2010;0
5 miembros o más;No puede sustituir los muebles estropeados o viejos;2009;49,2
5 miembros o más;No puede sustituir los muebles estropeados o viejos;2008;0
